{
	"info": {
		"_postman_id": "d59299f2-6d95-4140-9c86-b38507b8ef5f",
		"name": "tasca UT5 rentacarro",
		"schema": "https://schema.getpostman.com/json/collection/v2.1.0/collection.json",
		"_exporter_id": "14088318"
	},
	"item": [
		{
			"name": "usuaris general",
			"request": {
				"method": "GET",
				"header": [],
				"url": {
					"raw": "http://127.0.0.1:5000/rentacarro/usuaris",
					"protocol": "http",
					"host": [
						"127",
						"0",
						"0",
						"1"
					],
					"port": "5000",
					"path": [
						"rentacarro",
						"usuaris"
					]
				}
			},
			"response": []
		},
		{
			"name": "usuaris ID",
			"protocolProfileBehavior": {
				"disableBodyPruning": true
			},
			"request": {
				"auth": {
					"type": "basic",
					"basic": [
						{
							"key": "password",
							"value": "12345678",
							"type": "string"
						},
						{
							"key": "username",
							"value": "user1",
							"type": "string"
						}
					]
				},
				"method": "GET",
				"header": [],
				"body": {
					"mode": "formdata",
					"formdata": []
				},
				"url": {
					"raw": "http://127.0.0.1:5000/rentacarro/usuari/1",
					"protocol": "http",
					"host": [
						"127",
						"0",
						"0",
						"1"
					],
					"port": "5000",
					"path": [
						"rentacarro",
						"usuari",
						"1"
					]
				}
			},
			"response": []
		},
		{
			"name": "nou Usuari",
			"request": {
				"method": "POST",
				"header": [],
				"body": {
					"mode": "raw",
					"raw": "{\r\n    \"username\":\"pepito1\",\r\n    \"password\":\"12345678\",\r\n    \"email\":\"pepito1@yahoo.com\",\r\n    \"nom\":\"pepe\",\r\n    \"llinatges\":\"Petit Petit\",\r\n    \"telefon\":\"999777555\",\r\n    \"diaalta\":\"2024-01-07\"\r\n}",
					"options": {
						"raw": {
							"language": "json"
						}
					}
				},
				"url": {
					"raw": "http://127.0.0.1:5000/rentacarro/usuari",
					"protocol": "http",
					"host": [
						"127",
						"0",
						"0",
						"1"
					],
					"port": "5000",
					"path": [
						"rentacarro",
						"usuari"
					]
				}
			},
			"response": []
		},
		{
			"name": "editar Usuari",
			"request": {
				"method": "PUT",
				"header": [],
				"body": {
					"mode": "raw",
					"raw": "{\r\n    \"username\":\"POPIS\",\r\n    \"password\":\"12345678\",\r\n    \"email\":\"pepito1@yahoo.com\",\r\n    \"nom\":\"pepe\",\r\n    \"llinatges\":\"Petit Petit\",\r\n    \"telefon\":\"999777555\",\r\n    \"alta\":\"2024-01-07\"\r\n}",
					"options": {
						"raw": {
							"language": "json"
						}
					}
				},
				"url": {
					"raw": "http://127.0.0.1:5000/rentacarro/usuari/5",
					"protocol": "http",
					"host": [
						"127",
						"0",
						"0",
						"1"
					],
					"port": "5000",
					"path": [
						"rentacarro",
						"usuari",
						"5"
					]
				}
			},
			"response": []
		},
		{
			"name": "Reserves data",
			"request": {
				"method": "GET",
				"header": [],
				"url": {
					"raw": "http://127.0.0.1:5000/rentacarro/reserves",
					"protocol": "http",
					"host": [
						"127",
						"0",
						"0",
						"1"
					],
					"port": "5000",
					"path": [
						"rentacarro",
						"reserves"
					]
				}
			},
			"response": []
		},
		{
			"name": "Reserves",
			"request": {
				"method": "GET",
				"header": [],
				"url": {
					"raw": "http://127.0.0.1:5000/rentacarro/reserves",
					"protocol": "http",
					"host": [
						"127",
						"0",
						"0",
						"1"
					],
					"port": "5000",
					"path": [
						"rentacarro",
						"reserves"
					]
				}
			},
			"response": []
		},
		{
			"name": "esborrar Usuari",
			"request": {
				"method": "DELETE",
				"header": [],
				"url": {
					"raw": "http://127.0.0.1:5000/rentacarro/usuari/5",
					"protocol": "http",
					"host": [
						"127",
						"0",
						"0",
						"1"
					],
					"port": "5000",
					"path": [
						"rentacarro",
						"usuari",
						"5"
					]
				}
			},
			"response": []
		},
		{
			"name": "reserves d'usuari",
			"request": {
				"method": "GET",
				"header": [],
				"url": {
					"raw": "http://127.0.0.1:5000/rentacarro/reserves/usuari/4",
					"protocol": "http",
					"host": [
						"127",
						"0",
						"0",
						"1"
					],
					"port": "5000",
					"path": [
						"rentacarro",
						"reserves",
						"usuari",
						"4"
					]
				}
			},
			"response": []
		},
		{
			"name": "esborrar reserva d'usuari",
			"request": {
				"method": "DELETE",
				"header": [],
				"body": {
					"mode": "raw",
					"raw": "{\r\n    \"idcarro\": 1\r\n}\r\n",
					"options": {
						"raw": {
							"language": "json"
						}
					}
				},
				"url": {
					"raw": "http://127.0.0.1:5000/rentacarro/reserves/usuari/4",
					"protocol": "http",
					"host": [
						"127",
						"0",
						"0",
						"1"
					],
					"port": "5000",
					"path": [
						"rentacarro",
						"reserves",
						"usuari",
						"4"
					]
				}
			},
			"response": []
		},
		{
			"name": "afegir reserva a usuari",
			"request": {
				"method": "POST",
				"header": [],
				"body": {
					"mode": "raw",
					"raw": "{\r\n    \"idcarro\": 3,\r\n    \"iniciReserva\": \"2024-02-20\",\r\n    \"finalReserva\": \"2024-02-25\"\r\n}\r\n",
					"options": {
						"raw": {
							"language": "json"
						}
					}
				},
				"url": {
					"raw": "http://127.0.0.1:5000/rentacarro/reserves/usuari/4",
					"protocol": "http",
					"host": [
						"127",
						"0",
						"0",
						"1"
					],
					"port": "5000",
					"path": [
						"rentacarro",
						"reserves",
						"usuari",
						"4"
					]
				}
			},
			"response": []
		}
	]
}